\c ecoway_dev;

INSERT INTO users 
  (created_at, user_auth_id, first_name, last_name, username, email, short_bio, profile_picture_url, user_achvs, user_actns)
VALUES
  ('2023-08-31T23:37:35.000Z', 'user-test-9db35542-5b23-4600-84e8-0c2c847ec98a', 'EcoWay', 'Pursuit', 'ecoway.dev5', 'ecoway.dev5@gmail.com', 'I am the Admin of this project :)', 'https://lh3.googleusercontent.com/a/ACg8ocK2bi7blV5RtmHuQEDJHAFmo8kGxmjUrH9B5y4Ty8As=s96-c', '[
    { "badge_id": "16", "badge_name": "Eco-chef Connoisseur", "badge_img_url": "https://ecoway.s3.amazonaws.com/BadgesImages/eco+chef+connoiseur.png", "received_date": "2023-08-31T23:37:35.000Z" },
    { "badge_id": "1", "badge_name": "Consistent Player", "badge_img_url": "https://ecoway.s3.amazonaws.com/BadgesImages/consistent+player.png",  "received_date": "2023-08-31T23:37:35.000Z" },
    { "badge_id": "4", "badge_name": "Recycle Crusader", "badge_img_url": "https://ecoway.s3.amazonaws.com/BadgesImages/recycle+crusader.png",  "received_date": "2023-08-31T23:37:35.000Z" }
  ]', '[
    { "action_slug": "hybrid-or-electric-vehicles", "completed_at": "2023-09-02T23:21:20.000Z", "points": 100 },
    { "action_slug": "seal-home-leaks", "completed_at": "2023-09-02T23:21:20.000Z", "points": 70 },
    { "action_slug": "solar-panels", "completed_at": "2023-09-02T23:21:20.000Z", "points": 100 }
  ]'),
  ('2023-09-02T23:21:20.000Z', 'user-test-fc7a7585-6dc3-4acb-b49d-8fb6b103ceba', 'Jinseok', 'Jung', 'jj', 'pjungjs@gmail.com', 'Full Stack Web Developer', 'https://ca.slack-edge.com/TCVA3PF24-U041NJ82RM0-22a6eba57651-512', '[
    { "badge_id": "1", "badge_name": "Consistent Player", "badge_img_url": "https://ecoway.s3.amazonaws.com/BadgesImages/consistent+player.png",  "received_date": "2023-09-02T23:21:20.000Z" },
    { "badge_id": "4", "badge_name": "Recycle Crusader", "badge_img_url": "https://ecoway.s3.amazonaws.com/BadgesImages/recycle+crusader.png",  "received_date": "2023-09-02T23:21:20.000Z" },
    { "badge_id": "7", "badge_name": "Energy-Efficient Enthusiast", "badge_img_url": "https://ecoway.s3.amazonaws.com/BadgesImages/energy+efficient+enthusiast.png",  "received_date": "2023-09-02T23:21:20.000Z" }
  ]', '[
    { "action_slug": "biking-or-walking", "completed_at": "2023-09-02T23:21:20.000Z", "points": 30 }
  ]'),
  ('2023-09-04T19:35:07.000Z', 'user-test-e832c79d-0c6d-499e-8cda-ef894bd7d25f', 'Wilghen', 'Santos', 'wilghensantos', 'wilghensantos@gmail.com', 'Passionate about Music, programming and life.', 'https://lh3.googleusercontent.com/a/ACg8ocJUOfy0bJBrPz2j33CbOWlrIJ2iMnbOzLOyGRR8EelM7n4=s96-', '[
    { "badge_id": "2", "badge_name": "Jukebox Hero", "badge_img_url": "https://ecoway.s3.amazonaws.com/BadgesImages/jukebox+hero.png",  "received_date": "2023-08-31T23:37:35.000Z" },
    { "badge_id": "11", "badge_name": "Eco-Picasso", "badge_img_url": "https://ecoway.s3.amazonaws.com/BadgesImages/eco+picasso.png",  "received_date": "2023-08-31T23:37:35.000Z" },
    { "badge_id": "16", "badge_name": "Eco Chef Connoisseur", "badge_img_url": "https://ecoway.s3.amazonaws.com/BadgesImages/eco+chef+connoiseur.png",  "received_date": "2023-08-31T23:37:35.000Z" }
  ]', '[]'),
  ('2023-09-06T22:29:59.000Z', 'user-test-0c35484e-1e63-4330-b327-039539cb2949', 'Jose', 'Cepeda', 'josecepeda', 'josecepeda@pursuit.org', 'Full Stack Web Developer', 'https://lh3.googleusercontent.com/a/ACg8ocIHEfs1bXismg-VnVSCEFr_mJtVuSCi3YhSLQuzf2_i=s96-c', '[
    { "badge_id": "8", "badge_name": "Carbon Footprint Wizard", "badge_img_url": "https://ecoway.s3.amazonaws.com/BadgesImages/carbon+footprint+wizard.png",  "received_date": "2023-08-31T23:37:35.000Z" },
    { "badge_id": "13", "badge_name": "Bicycle Boss", "badge_img_url": "https://ecoway.s3.amazonaws.com/BadgesImages/Bicycle+Boss.png",  "received_date": "2023-08-31T23:37:35.000Z" },
    { "badge_id": "12", "badge_name": "Eco-Bookworm", "badge_img_url": "https://ecoway.s3.amazonaws.com/BadgesImages/eco+worm+book.png",  "received_date": "2023-08-31T23:37:35.000Z" } 
  ]', '[
    { "action_slug": "unplug-unused-devices", "completed_at": "2023-09-02T23:21:20.000Z", "points": 20 },
    { "action_slug": "reduce-water-usage", "completed_at": "2023-09-02T23:21:20.000Z", "points": 40 }
  ]'),
  ('2023-09-10T17:40:36.000Z', 'user-test-439c2418-b901-4acd-b7ef-20a9b45fc6c3', 'Shareeka', 'Epps', 'shareekaepps', 'shareekaepps@gmail.com', 'Full Stack Web Developer', 'https://lh3.googleusercontent.com/a/ACg8ocKAvDJej1E21YolQIyfadkqo5vddSF6sUn2oacrD17FDA=s96-c', '[
    { "badge_id": "3", "badge_name": "Elite Player", "badge_img_url": "https://ecoway.s3.amazonaws.com/BadgesImages/elite+player.png",  "received_date": "2023-08-31T23:37:35Z" },
    { "badge_id": "14", "badge_name": "Eco-Adventurer", "badge_img_url": "https://ecoway.s3.amazonaws.com/BadgesImages/eco+adventurer.png",  "received_date": "2023-08-31T23:37:35Z" }
  ]', '[
    { "action_slug": "led-lighting", "completed_at": "2023-09-02T23:21:20.000Z", "points": 40 }
  ]');


INSERT INTO user_scores 
  (user_auth_id, score_logged_in, score_energy, score_transportation, score_food, score_lifestyle, score_recycling, score_actions, score_total)
VALUES
  ('user-test-9db35542-5b23-4600-84e8-0c2c847ec98a', 7, 700, 0, 300, 300, 0, 270, 1577),
  ('user-test-fc7a7585-6dc3-4acb-b49d-8fb6b103ceba', 14, 10, 10, 10, 10, 10, 30, 94),
  ('user-test-e832c79d-0c6d-499e-8cda-ef894bd7d25f', 7, 700, 700, 0, 0, 0, 0, 1407),
  ('user-test-0c35484e-1e63-4330-b327-039539cb2949', 7, 300, 300, 0, 0, 0, 60, 667),
  ('user-test-439c2418-b901-4acd-b7ef-20a9b45fc6c3', 7, 300, 300, 0, 700, 300, 40, 1647);


INSERT INTO badges 
  (badge_name, badge_description, badge_img_url, badge_req_points, badge_type)
VALUES 
  ('Consistent Player', 'You have logged to the app for 7 days in a row', 'https://ecoway.s3.amazonaws.com/BadgesImages/consistent+player.png', 7, 'login'),
  ('Jukebox hero', 'You have logged to the app for 30 days in a row', 'https://ecoway.s3.amazonaws.com/BadgesImages/jukebox+hero.png', 30, 'login'),
  ('Elite Player', 'You have logged to the app for 60 days in a row', 'https://ecoway.s3.amazonaws.com/BadgesImages/elite+player.png', 60, 'login'),
  -- ('Next Level Standard', 'You have logged to the app for 90 days in a row', 'https://ecoway.s3.amazonaws.com/Badge.png', 90, 'login'),
  -- ('MVP', 'You have logged to the app for 180 days in a row', 'https://ecoway.s3.amazonaws.com/Badge.png', 180, 'login'),


  ('Recycle Crusader', 'Based on your daily efforts you have mastered the art of recycling, Keep it up! ', 'https://ecoway.s3.amazonaws.com/BadgesImages/recycle+crusader.png', 300, 'recycling'),
  ('Recycle Artisan', 'As if we were not blown by your recycling habits, you have recycled enough to keep 10 miles of beach pristine, awesome', 'https://ecoway.s3.amazonaws.com/BadgesImages/Recycling+Artisan.png', 400, 'recycling'),
  ('Reusable Crusader', 'You have officially joined the ranks of the eco-warriors by consistently using reusable bags, bottles, and containers.', 'https://ecoway.s3.amazonaws.com/BadgesImages/Reusable+Crusader.png', 475, 'recycling'),

  -- ('Recycle Hero', 'You may not wear a cape, but your recycling efforts are saving the planet for everyone', 'https://ecoway.s3.amazonaws.com/Badge.png', 550, 'recycling'),
  -- ('Ocean Saver', 'You have recycled the equivalent of 1000 pieces of trash at the beach. You are turning the tide on pollution!', 'https://ecoway.s3.amazonaws.com/Badge.png', 650,'recycling'),
  -- ('Recycling Jedi', 'Your recycling efforts have diverted thousands of pounds of waste from landfills, reducing your carbon footprint and preserving our planet for future generations, stay green!', 'https://ecoway.s3.amazonaws.com/Badge.png', 800, 'recycling'),

  ('Energy-Efficiency Enthusiast', 'You have replaced all your traditional light bulbs with energy-efficient LEDs. Your home is lit with eco-friendly brilliance!', 'https://ecoway.s3.amazonaws.com/BadgesImages/energy+efficient+enthusiast.png', 300, 'energy' ),
  ('Carbon Footprint Wizard', 'Your energy-saving habits have reduced your carbon footprint, conserved precious resources equivalent to keep a small village sustainable, and shown others the power of green living.', 'https://ecoway.s3.amazonaws.com/BadgesImages/carbon+footprint+wizard.png', 400, 'energy'),
  ('Green Guru', 'You have reached a milestone in energy efficiency, power dynamo! Your commitment is like turning off 500 light bulbs for an entire year. Keep shining bright!', 'https://ecoway.s3.amazonaws.com/BadgesImages/green+guru.png', 475,'energy'),
  -- ('Superstar Energy', 'You are an energy-saving legend, Energy Guru! Your efforts are like taking 50 cars off the road for a year. Keep steering us toward a greener future', 'https://ecoway.s3.amazonaws.com/Badge.png', 650, 'energy'),
  -- ('Energy Dynamo', 'You have reached the summit of energy efficiency in our EcoWay community. Your commitment to conserving energy is not only helping lower your bills but is also lighting the way for a greener, more sustainable future.', 'https://ecoway.s3.amazonaws.com/Badge.png', 800, 'energy'),

  ('Green Master', 'Lifestyle Luminary! Your eco-conscious choices are like a beacon of sustainability. You have made a positive impact equivalent to planting 20 trees. Keep living the green life!', 'https://ecoway.s3.amazonaws.com/BadgesImages/green+Master.png', 300, 'lifestyle' ),
  ('Eco-Picasso', 'You have transformed into 10 works of art the equivalent of 20 pounds of recycled materials. Your creations are eco-masterpieces!', 'https://ecoway.s3.amazonaws.com/BadgesImages/eco+picasso.png', 400, 'lifestyle'),
  ('Eco-Bookworm', 'Your consitent habits shows your knowledge about gree living. Have you been in the library lately ? is like you have read 10 books on sustainability and eco-conscious living. Your mind is a garden of eco-ideas!', 'https://ecoway.s3.amazonaws.com/BadgesImages/eco+worm+book.png', 475, 'lifestyle' ),
  -- ('Eco-Fashionista', 'Fashion-forward Eco-Champion! Your sustainable style is like a breath of fresh air. You have reduced carbon emissions equivalent to a cross-country road trip. Keep strutting your eco-style!!', 'https://ecoway.s3.amazonaws.com/Badge.png', 650,'lifestyle'),
  -- ('Eco-Activist Advocate', 'Eco-Activist Hero! Your dedication to environmental advocacy is like rallying an army for the planet. Your efforts are equivalent to planting 1,000 trees! Keep raising your voice!', 'https://ecoway.s3.amazonaws.com/Badge.png', 800, 'lifestyle' ),

  ('Bicycle Boss', 'Pedal Powerhouse! You have earned the Bicycle Boss badge. Your 100 miles on two wheels are like planting 10 trees along the bike path. Keep riding toward a greener tomorrow!', 'https://ecoway.s3.amazonaws.com/BadgesImages/Bicycle+Boss.png', 300, 'transportation'),
  ('Eco-Adventurer', 'Congratulations, Eco-Adventurer! Your sustainable travels have a carbon footprint lower than a trek through the wilderness. Keep exploring responsibly!', 'https://ecoway.s3.amazonaws.com/BadgesImages/eco+adventurer.png',400 ,'transportation'),
  ('Public transit trailblazer', 'Your commitment to public transportation has made city streets cleaner and traffic lighter. You are a pioneer of urban eco-commuting.', 'https://ecoway.s3.amazonaws.com/BadgesImages/public+transportation+trailblazer.png', 475, 'transportation'),
  -- ('Green Commuter', 'Congratulations, Green Commuter! You have move your way to environmental greatness, reducing emissions like taking 1,000 cars off the road. Keep riding the eco-wave!', 'https://ecoway.s3.amazonaws.com/Badge.png', 650, 'transportation'),
  -- ('Green Mobility Maestro', 'You have embraced the eco-friendly transportation level with zeal, reducing your carbon tire print and steering toward a greener future', 'https://ecoway.s3.amazonaws.com/Badge.png', 800, 'transportation'),

  ('Eco-Chef Connoisseur', 'You have cooked 30 plant-based meals. You are a culinary eco-genius!', 'https://ecoway.s3.amazonaws.com/BadgesImages/eco+chef+connoiseur.png', 300, 'food'),
  ('Zero Waste Foodie', 'You have taken zero-waste cooking to a whole new level. As a Zero-Waste Epicurean, your kitchen is a sustainability paradise! Your culinary efforts are equivalent to removing 500 pounds of CO2 from the atmosphere!', 'https://ecoway.s3.amazonaws.com/BadgesImages/zero+waste+foodie.png', 400, 'food'),
  ('Sustainable Sustainer', 'Your commitment to sustainable eating makes you a Sustainable Sustainer. Your food choices are as green as can be!  Your eco-conscious diet is equivalent to saving 100,000 gallons of water', 'https://ecoway.s3.amazonaws.com/BadgesImages/sustainable+sustainer.png', 475, 'food' );
  -- ('Green Gourmet Guru', 'Keep savoring those eco-friendly flavors! Your food choices are equivalent to planting 250 trees, keep it green all the way!', 'https://ecoway.s3.amazonaws.com/Badge.png', 650, 'food' ),
  -- ('Organic Olympian', 'You have embraced the organic lifestyle, and your food choices reflect your dedication. As an Organic Olympian, you are championing health and sustainability. Your organic journey is equivalent to reducing plastic waste by 1,000 bottles','https://ecoway.s3.amazonaws.com/Badge.png', 800, 'food');


INSERT INTO questions 
  (created_at, question, question_type, is_signup)
VALUES
  ('2023-09-08T12:30:00Z', 'Does your household use renewable energy?', 'energy', true),
  ('2023-09-08T12:30:00Z', 'What is the primary heating source in your household?', 'energy', true),
  ('2023-09-08T12:30:00Z', 'Do you use gas for cooking?', 'energy', true),
  ('2023-09-08T12:30:00Z', 'Do you have a car?', 'transportation', true),
  ('2023-09-08T12:30:00Z', 'How many minutes do you spend taking public transportation a day?', 'transportation', true),
  ('2023-09-08T12:30:00Z', 'How many large sized appliances have you purchased in the past year?', 'spending', true),
  ('2023-09-08T12:30:00Z', 'How many medium sized appliances have you purchased in the past year?', 'spending', true),
  ('2023-09-08T12:30:00Z', 'How many small sized appliances have you purchased in the past year?', 'spending', true),
  ('2023-09-08T12:30:00Z', 'How many pieces of clothing have you purchased this year?', 'spending', true),
  ('2023-09-08T12:30:00Z', 'What is your diet?', 'food', true),
  ('2023-09-08T12:30:00Z', 'Do you recycle?', 'lifestyle', true),
  ('2023-09-09T12:30:00Z', 'Select the option that best describes your household energy usage compared to your last login:', 'energy', false),
  ('2023-09-09T12:30:00Z', 'Pick the option that best represents your daily transportation habits compared to your last login:', 'transportation', false),
  ('2023-09-09T12:30:00Z', 'How many miles have you biked this week?', 'transportation', false),
  ('2023-09-09T12:30:00Z', 'How has your recycling behavior changed?', 'recycling', false),
  ('2023-09-09T12:30:00Z', 'Do you actively compost organic waste?', 'recycling', false),
  ('2023-09-09T12:30:00Z', 'How has your diet changed?', 'food', false),
  ('2023-09-09T12:30:00Z', 'How many home-cooked meals have you made this week?', 'food', false),
  ('2023-09-09T12:30:00Z', 'Do you support or engage in local community initiatives promoting sustainability?', 'lifestyle', false);



INSERT INTO answers 
  (created_at, user_auth_id, question_answers, carbon_emission_result)
VALUES
  ('2023-09-08T12:30:00Z', 'user-test-9db35542-5b23-4600-84e8-0c2c847ec98a', '[{ "Does your household use renewable energy?": "yes", "What is the primary heating source in your household?": "electricity" }]',0),
  ('2023-09-08T12:30:00Z', 'user-test-fc7a7585-6dc3-4acb-b49d-8fb6b103ceba', '{ "Does your household use renewable energy?": "no", "What is the primary heating source in your household?": "naturalGas" }',0),
  ('2023-09-08T12:30:00Z', 'user-test-0c35484e-1e63-4330-b327-039539cb2949', '{ "Does your household use renewable energy?": "no", "What is the primary heating source in your household?": "naturalGas" }', 0),
  ('2023-09-08T12:30:00Z', 'user-test-e832c79d-0c6d-499e-8cda-ef894bd7d25f', '{}', 0),
  ('2023-09-08T12:30:00Z', 'user-test-439c2418-b901-4acd-b7ef-20a9b45fc6c3', '{}', 0);

INSERT INTO posts 
  (created_at, user_auth_id, title, content, post_likes)
VALUES
  ('2023-09-08T12:30:00Z','auth_id_6', 'Sample Post 1', 'This is the content of the first post', '[{"user_id": "user_auth_id_5", "liked_at": "2023-09-10T12:00:00Z"}]'),
  ('2023-09-08T10:00:00Z','auth_id_7', 'Sample Post 2', 'This is the content of the second post', '[{"user_id": "user_auth_id_6", "liked_at": "2023-09-10T13:00:00Z"}]'),
  ('2023-09-08T13:30:00Z','auth_id_8', 'Sample Post 3', 'This is the content of the third post', '[{"user_id": "user_auth_id_7", "liked_at": "2023-09-10T14:00:00Z"}]'),
  ('2023-09-08T14:00:00Z','auth_id_9', 'Sample Post 4', 'This is the content of the fourth post', '[{"user_id": "user_auth_id_8", "liked_at": "2023-09-10T15:00:00Z"}]');


INSERT INTO post_comments
  (created_at, user_auth_id, post_id, content)
VALUES
  ('2023-09-12T10:00:00Z', 'auth_id_1', 1, 'Great topic! I totally agree with your points.'),
  ('2023-09-13T13:00:00Z', 'auth_id_2', 1, 'I have a different perspective on this. Let me explain...'),
  ('2023-09-10T14:00:00Z', 'auth_id_3', 2, 'Thanks for sharing this information. It is very informative.'),
  ('2023-09-11T16:00:00Z', 'auth_id_4', 3, 'I had a similar experience, and I can relate to your story.');
